{
  "name": "Themer Dark",
  "type": "dark",
  "colors": {
    "focusBorder": "#ab00ff",
    "foreground": "#23ff00",
    "widget.shadow": "#0f0f0d",
    "selection.background": "#155409",
    "errorForeground": "#ff0018",
    "button.background": "#9e65ff",
    "button.foreground": "#0f0f0d",
    "button.hoverBackground": "#2900ff",
    "dropdown.background": "#12310b",
    "dropdown.border": "#12310b",
    "dropdown.foreground": "#20dd02",
    "input.background": "#12310b",
    "input.border": "#12310b",
    "input.foreground": "#20dd02",
    "input.placeholderForeground": "#155409",
    "inputOption.activeBorder": "#2900ff",
    "inputValidation.errorBackground": "#12310b",
    "inputValidation.errorBorder": "#ff0018",
    "inputValidation.infoBackground": "#12310b",
    "inputValidation.infoBorder": "#9e65ff",
    "inputValidation.warningBackground": "#12310b",
    "inputValidation.warningBorder": "#3c48ff",
    "scrollbar.shadow": "#0f0f0d",
    "scrollbarSlider.activeBackground": "#1dba047f",
    "scrollbarSlider.background": "#1876077f",
    "scrollbarSlider.hoverBackground": "#1a98067f",
    "badge.foreground": "#0f0f0d",
    "badge.background": "#ab00ff",
    "progressBar.background": "#139e00",
    "list.activeSelectionBackground": "#139e007f",
    "list.activeSelectionForeground": "#0f0f0d",
    "list.dropBackground": "#187607",
    "list.focusBackground": "#187607",
    "list.highlightForeground": "#ffe500",
    "list.hoverBackground": "#12310b",
    "list.inactiveSelectionBackground": "#12310b",
    "list.inactiveSelectionForeground": "#23ff00",
    "list.hoverForeground": "#1dba04",
    "list.focusForeground": "#0f0f0d",
    "list.invalidItemForeground": "#ff0018",
    "list.errorForeground": "#ff0018",
    "list.warningForeground": "#ffe500",
    "listFilterWidget.background": "#12310b",
    "listFilterWidget.outline": "#9e65ff",
    "listFilterWidget.noMatchesOutline": "#ff0018",
    "tree.indentGuidesStroke": "#12310b",
    "activityBar.background": "#0f0f0d",
    "activityBar.dropBackground": "#12310b",
    "activityBar.foreground": "#1dba04",
    "activityBar.border": "#0f0f0d",
    "activityBarBadge.background": "#ab00ff",
    "activityBarBadge.foreground": "#0f0f0d",
    "sideBar.background": "#0f0f0d",
    "sideBar.foreground": "#20dd02",
    "sideBar.border": "#12310b",
    "sideBarTitle.foreground": "#1dba04",
    "sideBarSectionHeader.background": "#155409",
    "sideBarSectionHeader.foreground": "#20dd02",
    "editorPane.background": "#0f0f0d",
    "editorGroup.emptyBackground": "#0f0f0d",
    "editorGroup.border": "#12310b",
    "editorGroup.focusedEmptyBorder": "#12310b",
    "editorGroup.dropBackground": "#1554097f",
    "editorGroupHeader.noTabsBackground": "#0f0f0d",
    "editorGroupHeader.tabsBackground": "#0f0f0d",
    "editorGroupHeader.tabsBorder": "#0f0f0d",
    "tab.activeBackground": "#0f0f0d",
    "tab.activeForeground": "#20dd02",
    "tab.border": "#0f0f0d",
    "tab.inactiveBackground": "#12310b",
    "tab.inactiveForeground": "#187607",
    "tab.unfocusedActiveForeground": "#187607",
    "tab.unfocusedInactiveForeground": "#155409",
    "editor.background": "#0f0f0d",
    "editor.foreground": "#23ff00",
    "editorLineNumber.foreground": "#155409",
    "editorCursor.foreground": "#ab00ff",
    "editor.selectionBackground": "#9e65ff33",
    "editor.selectionHighlightBackground": "#12310b",
    "editor.inactiveSelectionBackground": "#9e65ff33",
    "editor.wordHighlightBackground": "#ab00ff7f",
    "editor.wordHighlightStrongBackground": "#f200ff7f",
    "editor.findMatchBackground": "#ffe5007f",
    "editor.findMatchHighlightBackground": "#ffe5003f",
    "editor.findRangeHighlightBackground": "#12310b",
    "editor.hoverHighlightBackground": "#155409",
    "editor.lineHighlightBackground": "#0f0f0d",
    "editor.lineHighlightBorder": "#12310b",
    "editorLink.activeForeground": "#2900ff",
    "editor.rangeHighlightBackground": "#12310b",
    "editorWhitespace.foreground": "#12310b",
    "editorIndentGuide.background": "#12310b",
    "editorIndentGuide.activeBackground": "#155409",
    "editorRuler.foreground": "#12310b",
    "editorCodeLens.foreground": "#1dba04",
    "editorBracketMatch.background": "#12310b",
    "editorBracketMatch.border": "#12310b",
    "editorOverviewRuler.border": "#12310b",
    "editorOverviewRuler.findMatchForeground": "#ffe500bf",
    "editorOverviewRuler.rangeHighlightForeground": "#155409bf",
    "editorOverviewRuler.selectionHighlightForeground": "#12310bbf",
    "editorOverviewRuler.wordHighlightForeground": "#155409bf",
    "editorOverviewRuler.wordHighlightStrongForeground": "#187607bf",
    "editorOverviewRuler.modifiedForeground": "#ffe5007f",
    "editorOverviewRuler.addedForeground": "#139e007f",
    "editorOverviewRuler.deletedForeground": "#ff00187f",
    "editorOverviewRuler.errorForeground": "#ff00187f",
    "editorOverviewRuler.warningForeground": "#3c48ff7f",
    "editorOverviewRuler.infoForeground": "#9e65ff7f",
    "editorError.foreground": "#ff0018",
    "editorError.border": "#23ff00",
    "editorWarning.foreground": "#3c48ff",
    "editorWarning.border": "#20dd02",
    "editorGutter.background": "#0f0f0d",
    "editorGutter.modifiedBackground": "#ffe500",
    "editorGutter.addedBackground": "#139e00",
    "editorGutter.deletedBackground": "#ff0018",
    "diffEditor.insertedTextBackground": "#139e0020",
    "diffEditor.removedTextBackground": "#ff001820",
    "editorWidget.background": "#12310b",
    "editorWidget.border": "#12310b",
    "editorSuggestWidget.background": "#12310b",
    "editorSuggestWidget.border": "#12310b",
    "editorSuggestWidget.foreground": "#20dd02",
    "editorSuggestWidget.highlightForeground": "#f200ff",
    "editorSuggestWidget.selectedBackground": "#155409",
    "editorHoverWidget.background": "#12310b",
    "editorHoverWidget.border": "#12310b",
    "debugExceptionWidget.background": "#12310b",
    "debugExceptionWidget.border": "#12310b",
    "editorMarkerNavigation.background": "#12310b",
    "editorMarkerNavigationError.background": "#ff0018",
    "editorMarkerNavigationWarning.background": "#3c48ff",
    "peekView.border": "#f200ff",
    "peekViewEditor.background": "#12310b",
    "peekViewEditorGutter.background": "#12310b",
    "peekViewEditor.matchHighlightBackground": "#ffe5007f",
    "peekViewResult.background": "#12310b",
    "peekViewResult.fileForeground": "#20dd02",
    "peekViewResult.lineForeground": "#155409",
    "peekViewResult.matchHighlightBackground": "#ffe500",
    "peekViewResult.selectionBackground": "#187607",
    "peekViewResult.selectionForeground": "#23ff00",
    "peekViewTitle.background": "#155409",
    "peekViewTitleDescription.foreground": "#1dba04",
    "peekViewTitleLabel.foreground": "#23ff00",
    "merge.currentHeaderBackground": "#2900ff4c",
    "merge.currentContentBackground": "#2900ff4c",
    "merge.incomingHeaderBackground": "#9e65ff4c",
    "merge.incomingContentBackground": "#9e65ff4c",
    "merge.commonContentBackground": "#ab00ff4c",
    "merge.commonHeaderBackground": "#ab00ff4c",
    "merge.border": "#1a9806",
    "editorOverviewRuler.currentContentForeground": "#2900ff",
    "editorOverviewRuler.incomingContentForeground": "#9e65ff",
    "editorOverviewRuler.commonContentForeground": "#ab00ff",
    "panel.background": "#0f0f0d",
    "panel.border": "#12310b",
    "panelTitle.activeBorder": "#187607",
    "panelTitle.activeForeground": "#20dd02",
    "panelTitle.inactiveForeground": "#1a9806",
    "statusBar.background": "#9e65ff",
    "statusBar.foreground": "#0f0f0d",
    "statusBar.border": "#9e65ff7f",
    "statusBar.debuggingBackground": "#3c48ff",
    "statusBar.debuggingForeground": "#0f0f0d",
    "statusBar.debuggingBorder": "#3c48ff7f",
    "statusBar.noFolderBackground": "#ab00ff",
    "statusBar.noFolderForeground": "#0f0f0d",
    "statusBar.noFolderBorder": "#ab00ff7f",
    "statusBarItem.activeBackground": "#2900ff",
    "statusBarItem.hoverBackground": "#139e00",
    "statusBarItem.prominentBackground": "#2900ff",
    "statusBarItem.prominentHoverBackground": "#139e00",
    "titleBar.activeBackground": "#0f0f0d",
    "titleBar.activeForeground": "#1dba04",
    "titleBar.inactiveBackground": "#0f0f0d",
    "titleBar.inactiveForeground": "#187607",
    "notification.background": "#12310b",
    "notification.foreground": "#23ff00",
    "notification.buttonBackground": "#9e65ff",
    "notification.buttonHoverBackground": "#2900ff",
    "notification.buttonForeground": "#0f0f0d",
    "notification.infoBackground": "#9e65ff",
    "notification.infoForeground": "#0f0f0d",
    "notification.warningBackground": "#3c48ff",
    "notification.warningForeground": "#0f0f0d",
    "notification.errorBackground": "#ff0018",
    "notification.errorForeground": "#0f0f0d",
    "extensionButton.prominentForeground": "#0f0f0d",
    "extensionButton.prominentBackground": "#9e65ff",
    "extensionButton.prominentHoverBackground": "#2900ff",
    "pickerGroup.border": "#1dba04",
    "pickerGroup.foreground": "#23ff00",
    "terminal.background": "#0f0f0d",
    "terminal.foreground": "#20dd02",
    "terminal.ansiBlack": "#0f0f0d",
    "terminal.ansiBlue": "#9e65ff",
    "terminal.ansiBrightBlack": "#12310b",
    "terminal.ansiBrightBlue": "#9e65ff",
    "terminal.ansiBrightCyan": "#2900ff",
    "terminal.ansiBrightGreen": "#2900ff",
    "terminal.ansiBrightMagenta": "#f200ff",
    "terminal.ansiBrightRed": "#3c48ff",
    "terminal.ansiBrightWhite": "#23ff00",
    "terminal.ansiBrightYellow": "#ffe500",
    "terminal.ansiCyan": "#2900ff",
    "terminal.ansiGreen": "#139e00",
    "terminal.ansiMagenta": "#f200ff",
    "terminal.ansiRed": "#ff0018",
    "terminal.ansiWhite": "#20dd02",
    "terminal.ansiYellow": "#ffe500",
    "terminal.selectionBackground": "#9e65ff7f",
    "terminalCursor.background": "#12310b",
    "terminalCursor.foreground": "#1dba04",
    "debugToolBar.background": "#12310b",
    "welcomePage.buttonBackground": "#12310b",
    "welcomePage.buttonHoverBackground": "#155409",
    "walkThrough.embeddedEditorBackground": "#0f0f0d",
    "gitDecoration.modifiedResourceForeground": "#ffe500",
    "gitDecoration.deletedResourceForeground": "#ff0018",
    "gitDecoration.untrackedResourceForeground": "#ab00ff",
    "gitDecoration.ignoredResourceForeground": "#187607",
    "gitDecoration.conflictingResourceForeground": "#2900ff"
  },
  "tokenColors": [
    {
      "settings": {
        "background": "#0f0f0d",
        "foreground": "#20dd02",
        "selectionBorder": "#1dba04",
        "findHighlight": "#ffe500",
        "findHighlightForeground": "#0f0f0d",
        "activeGuide": "#3c48ff",
        "bracketsForeground": "#20dd027F",
        "bracketsOptions": "stippled_underline",
        "bracketsContentsForeground": "#20dd027F",
        "tagsOptions": "stippled_underline"
      }
    },
    {
      "name": "Comment",
      "scope": "comment",
      "settings": {
        "foreground": "#187607"
      }
    },
    {
      "name": "Constant",
      "scope": "constant",
      "settings": {
        "foreground": "#f200ff"
      }
    },
    {
      "name": "Entity",
      "scope": "entity",
      "settings": {
        "foreground": "#2900ff"
      }
    },
    {
      "name": "Invalid",
      "scope": "invalid",
      "settings": {
        "foreground": "#ff0018"
      }
    },
    {
      "name": "Keyword",
      "scope": "keyword",
      "settings": {
        "foreground": "#ab00ff"
      }
    },
    {
      "name": "Storage",
      "scope": "storage",
      "settings": {
        "foreground": "#f200ff"
      }
    },
    {
      "name": "String",
      "scope": "string",
      "settings": {
        "foreground": "#139e00"
      }
    },
    {
      "name": "Support",
      "scope": "support",
      "settings": {
        "foreground": "#2900ff"
      }
    },
    {
      "name": "Variable",
      "scope": "variable",
      "settings": {
        "foreground": "#23ff00"
      }
    },
    {
      "name": "Markup Heading",
      "scope": "markup.heading",
      "settings": {
        "foreground": "#2900ff"
      }
    },
    {
      "name": "Markup Deleted",
      "scope": "markup.deleted",
      "settings": {
        "foreground": "#ff0018"
      }
    },
    {
      "name": "Markup Inserted",
      "scope": "markup.inserted",
      "settings": {
        "foreground": "#139e00"
      }
    },
    {
      "name": "Markup Changed",
      "scope": "markup.changed",
      "settings": {
        "foreground": "#ffe500"
      }
    },
    {
      "name": "Markup Underline",
      "scope": "markup.underline",
      "settings": {
        "fontStyle": "underline"
      }
    },
    {
      "name": "Markup Underline Link",
      "scope": "markup.underline.link",
      "settings": {
        "foreground": "#9e65ff"
      }
    },
    {
      "name": "Markup List",
      "scope": "markup.list",
      "settings": {
        "foreground": "#23ff00"
      }
    },
    {
      "name": "Markup Raw",
      "scope": "markup.raw",
      "settings": {
        "foreground": "#f200ff"
      }
    }
  ]
}